{
  "world": "spawn",
  "x": 0.518722122927248,
  "y": 113.0,
  "z": -31.588061152745126,
  "pitch": -1.4994422,
  "yaw": -0.57124454
}